Distance_(mm),Gray_Value
0.0000,48.594
0.0241,49.088
0.0482,49.416
0.0723,49.478
0.0964,50.126
0.1205,50.639
0.1446,51.161
0.1687,51.547
0.1928,51.775
0.2169,51.885
0.2410,51.810
0.2651,51.652
0.2892,51.660
0.3133,52.048
0.3374,52.693
0.3616,52.884
0.3857,52.783
0.4098,52.958
0.4339,52.848
0.4580,52.762
0.4821,52.509
0.5062,52.349
0.5303,52.354
0.5544,52.374
0.5785,52.107
0.6026,51.841
0.6267,51.816
0.6508,51.870
0.6749,51.788
0.6990,51.677
0.7231,51.624
0.7472,51.595
0.7713,51.405
0.7954,51.174
0.8195,50.968
0.8436,50.820
0.8677,50.774
0.8918,51.099
0.9159,51.425
0.9400,51.586
0.9641,51.855
0.9882,51.825
1.0123,51.761
1.0364,51.952
1.0605,52.451
1.0847,53.146
1.1088,54.277
1.1329,54.873
1.1570,55.129
1.1811,55.130
1.2052,55.109
1.2293,55.192
1.2534,55.259
1.2775,55.476
1.3016,55.810
1.3257,55.811
1.3498,55.823
1.3739,55.985
1.3980,56.078
1.4221,55.928
1.4462,56.101
1.4703,56.391
1.4944,56.448
1.5185,56.246
1.5426,56.320
1.5667,56.279
1.5908,55.943
1.6149,55.903
1.6390,56.013
1.6631,56.085
1.6872,55.850
1.7113,55.893
1.7354,56.085
1.7595,56.290
1.7837,56.403
1.8078,56.496
1.8319,56.427
1.8560,56.393
1.8801,56.246
1.9042,56.184
1.9283,55.944
1.9524,55.710
1.9765,55.679
2.0006,55.570
2.0247,55.715
2.0488,55.822
2.0729,55.793
2.0970,56.079
2.1211,56.306
2.1452,56.248
2.1693,56.358
2.1934,56.726
2.2175,56.944
2.2416,57.046
2.2657,57.441
2.2898,58.034
2.3139,58.370
2.3380,58.777
2.3621,59.398
2.3862,60.006
2.4103,60.613
2.4344,61.308
2.4585,61.488
2.4826,61.245
2.5068,61.074
2.5309,61.102
2.5550,61.153
2.5791,61.224
2.6032,61.342
2.6273,61.366
2.6514,61.732
2.6755,62.225
2.6996,62.188
2.7237,61.912
2.7478,62.011
2.7719,62.051
2.7960,62.215
2.8201,62.241
2.8442,61.965
2.8683,61.903
2.8924,61.939
2.9165,61.782
2.9406,61.712
2.9647,62.018
2.9888,62.095
3.0129,61.898
3.0370,61.610
3.0611,61.378
3.0852,61.208
3.1093,61.138
3.1334,60.915
3.1575,60.710
3.1816,60.365
3.2057,60.263
3.2299,60.294
3.2540,60.293
3.2781,60.424
3.3022,60.877
3.3263,61.405
3.3504,61.446
3.3745,61.318
3.3986,62.008
3.4227,62.595
3.4468,62.906
3.4709,63.819
3.4950,65.240
3.5191,66.284
3.5432,66.659
3.5673,67.383
3.5914,68.102
3.6155,68.560
3.6396,68.988
3.6637,69.573
3.6878,69.915
3.7119,70.181
3.7360,70.843
3.7601,71.376
3.7842,71.980
3.8083,72.820
3.8324,73.302
3.8565,73.611
3.8806,73.750
3.9047,74.103
3.9289,74.410
3.9530,74.441
3.9771,74.264
4.0012,74.131
4.0253,73.953
4.0494,73.772
4.0735,73.651
4.0976,73.701
4.1217,73.694
4.1458,73.767
4.1699,73.954
4.1940,73.815
4.2181,73.418
4.2422,73.105
4.2663,72.870
4.2904,72.858
4.3145,73.319
4.3386,73.447
4.3627,73.241
4.3868,73.023
4.4109,72.705
4.4350,73.069
4.4591,73.368
4.4832,73.571
4.5073,73.286
4.5314,73.041
4.5555,73.159
4.5796,73.224
4.6037,72.642
4.6278,72.975
4.6520,74.069
4.6761,74.702
4.7002,74.994
4.7243,76.059
4.7484,77.071
4.7725,77.844
4.7966,78.004
4.8207,78.342
4.8448,79.102
4.8689,79.178
4.8930,79.070
4.9171,79.389
4.9412,79.894
4.9653,79.829
4.9894,79.280
5.0135,79.539
5.0376,79.743
5.0617,79.681
5.0858,79.882
5.1099,80.567
5.1340,80.923
5.1581,81.306
5.1822,80.855
5.2063,80.450
5.2304,80.300
5.2545,80.355
5.2786,80.153
5.3027,79.986
5.3268,79.726
5.3510,79.866
5.3751,79.863
5.3992,80.105
5.4233,79.909
5.4474,79.646
5.4715,79.914
5.4956,80.451
5.5197,80.629
5.5438,81.083
5.5679,81.219
5.5920,81.555
5.6161,82.011
5.6402,82.537
5.6643,82.413
5.6884,82.677
5.7125,82.953
5.7366,83.285
5.7607,83.744
5.7848,84.714
5.8089,85.496
5.8330,86.056
5.8571,86.297
5.8812,86.596
5.9053,86.625
5.9294,86.400
5.9535,86.493
5.9776,86.327
6.0017,86.179
6.0258,86.643
6.0499,86.937
6.0741,86.529
6.0982,86.308
6.1223,86.341
6.1464,86.486
6.1705,86.568
6.1946,86.629
6.2187,86.648
6.2428,86.689
6.2669,86.701
6.2910,86.406
6.3151,86.313
6.3392,86.167
6.3633,86.070
6.3874,86.063
6.4115,85.736
6.4356,85.272
6.4597,85.160
6.4838,85.089
6.5079,84.884
6.5320,84.373
6.5561,83.953
6.5802,83.870
6.6043,83.995
6.6284,83.895
6.6525,83.827
6.6766,84.414
6.7007,85.151
6.7248,85.529
6.7489,86.140
6.7731,87.120
6.7972,88.009
6.8213,88.631
6.8454,89.257
6.8695,89.862
6.8936,90.542
6.9177,91.165
6.9418,91.926
6.9659,92.914
6.9900,93.281
7.0141,93.696
7.0382,93.991
7.0623,94.278
7.0864,95.048
7.1105,94.811
7.1346,94.542
7.1587,95.097
7.1828,95.574
7.2069,94.947
7.2310,94.665
7.2551,95.333
7.2792,95.309
7.3033,95.010
7.3274,94.885
7.3515,94.644
7.3756,94.313
7.3997,94.137
7.4238,94.450
7.4479,94.792
7.4720,94.632
7.4962,94.067
7.5203,93.703
7.5444,93.802
7.5685,93.218
7.5926,92.106
7.6167,91.687
7.6408,91.515
7.6649,91.254
7.6890,90.939
7.7131,90.736
7.7372,90.841
7.7613,90.656
7.7854,90.048
7.8095,89.259
7.8336,89.163
7.8577,89.548
7.8818,89.894
7.9059,90.667
7.9300,91.501
7.9541,92.446
7.9782,93.267
8.0023,93.587
8.0264,94.418
8.0505,95.680
8.0746,96.709
8.0987,97.604
8.1228,98.607
8.1469,99.436
8.1710,100.286
8.1952,100.590
8.2193,100.263
8.2434,100.247
8.2675,100.299
8.2916,100.645
8.3157,101.141
8.3398,101.220
8.3639,100.968
8.3880,100.531
8.4121,100.542
8.4362,100.573
8.4603,100.225
8.4844,100.093
8.5085,100.294
8.5326,100.088
8.5567,99.689
8.5808,99.193
8.6049,99.200
8.6290,99.803
8.6531,99.723
8.6772,99.732
8.7013,99.847
8.7254,99.701
8.7495,99.596
8.7736,99.706
8.7977,99.650
8.8218,99.849
8.8459,100.125
8.8700,99.894
8.8941,100.219
8.9183,101.017
8.9424,101.448
8.9665,101.997
8.9906,102.699
9.0147,103.486
9.0388,103.863
9.0629,104.049
9.0870,104.578
9.1111,105.293
9.1352,105.950
9.1593,106.546
9.1834,107.595
9.2075,108.483
9.2316,109.012
9.2557,109.441
9.2798,110.133
9.3039,110.763
9.3280,111.355
9.3521,112.318
9.3762,113.396
9.4003,113.615
9.4244,113.439
9.4485,113.747
9.4726,114.266
9.4967,114.352
9.5208,114.076
9.5449,114.370
9.5690,114.458
9.5931,114.184
9.6173,113.836
9.6414,113.787
9.6655,113.558
9.6896,113.124
9.7137,112.656
9.7378,112.512
9.7619,112.422
9.7860,112.179
9.8101,112.230
9.8342,112.364
9.8583,112.589
9.8824,112.884
9.9065,112.740
9.9306,112.589
9.9547,112.363
9.9788,112.175
10.0029,112.246
10.0270,112.242
10.0511,112.382
10.0752,112.239
10.0993,111.769
10.1234,111.741
10.1475,112.207
10.1716,112.351
10.1957,112.393
10.2198,112.587
10.2439,112.833
10.2680,113.355
10.2921,113.411
10.3162,113.858
10.3404,114.216
10.3645,114.165
10.3886,114.328
10.4127,114.810
10.4368,115.264
10.4609,115.670
10.4850,116.180
10.5091,116.274
10.5332,116.280
10.5573,116.637
10.5814,117.231
10.6055,117.662
10.6296,117.997
10.6537,118.234
10.6778,118.363
10.7019,118.227
10.7260,118.017
10.7501,118.008
10.7742,117.975
10.7983,117.616
10.8224,117.196
10.8465,116.899
10.8706,116.486
10.8947,116.053
10.9188,115.858
10.9429,116.274
10.9670,116.726
10.9911,117.380
11.0152,117.880
11.0393,118.011
11.0635,118.560
11.0876,119.227
11.1117,120.182
11.1358,121.322
11.1599,122.586
11.1840,123.850
11.2081,125.276
11.2322,126.797
11.2563,127.737
11.2804,128.904
11.3045,130.618
11.3286,132.156
11.3527,133.053
11.3768,133.855
11.4009,135.041
11.4250,135.693
11.4491,137.091
11.4732,138.313
11.4973,138.864
11.5214,139.196
11.5455,139.237
11.5696,139.120
11.5937,138.883
11.6178,139.274
11.6419,139.370
11.6660,138.876
11.6901,139.171
11.7142,139.519
11.7383,140.316
11.7625,141.136
11.7866,141.719
11.8107,142.076
11.8348,142.400
11.8589,142.778
11.8830,142.511
11.9071,141.697
11.9312,140.232
11.9553,139.020
11.9794,138.073
12.0035,136.693
12.0276,135.371
12.0517,134.241
12.0758,132.941
12.0999,131.378
12.1240,129.774
12.1481,129.087
12.1722,128.981
12.1963,129.260
12.2204,129.968
12.2445,131.357
12.2686,133.400
12.2927,135.292
12.3168,137.780
12.3409,140.282
12.3650,142.571
12.3891,144.416
12.4132,146.234
12.4373,147.994
12.4614,149.093
12.4856,149.790
12.5097,150.628
12.5338,151.187
12.5579,151.920
12.5820,152.664
12.6061,153.300
12.6302,153.776
12.6543,154.268
12.6784,154.714
12.7025,155.421
12.7266,156.522
12.7507,157.274
12.7748,157.750
12.7989,158.219
12.8230,158.134
12.8471,157.909
12.8712,158.232
12.8953,158.644
12.9194,159.276
12.9435,159.669
12.9676,159.746
12.9917,159.614
13.0158,159.548
13.0399,158.841
13.0640,157.625
13.0881,156.314
13.1122,154.758
13.1363,153.001
13.1604,151.167
13.1846,149.555
13.2087,148.038
13.2328,146.411
13.2569,145.169
13.2810,144.797
13.3051,144.796
13.3292,145.131
13.3533,145.699
13.3774,146.642
13.4015,147.744
13.4256,149.138
13.4497,150.485
13.4738,151.982
13.4979,153.354
13.5220,154.334
13.5461,155.376
13.5702,156.404
13.5943,157.416
13.6184,158.284
13.6425,158.839
13.6666,159.166
13.6907,159.733
13.7148,159.924
13.7389,159.966
13.7630,160.654
13.7871,161.246
13.8112,161.579
13.8353,162.426
13.8594,163.213
13.8835,163.636
13.9077,164.024
13.9318,164.536
13.9559,165.013
13.9800,165.333
14.0041,165.885
14.0282,165.953
14.0523,165.999
14.0764,166.202
14.1005,166.503
14.1246,166.884
14.1487,167.115
14.1728,167.382
14.1969,167.480
14.2210,167.437
14.2451,167.415
14.2692,167.082
14.2933,166.870
14.3174,166.881
14.3415,166.843
14.3656,166.728
14.3897,166.843
14.4138,166.488
14.4379,166.331
14.4620,166.551
14.4861,166.866
14.5102,167.092
14.5343,167.189
14.5584,167.465
14.5825,167.825
14.6067,168.450
14.6308,169.066
14.6549,169.696
14.6790,170.259
14.7031,170.862
14.7272,171.484
14.7513,171.958
14.7754,171.910
14.7995,171.938
14.8236,172.157
14.8477,172.422
14.8718,172.712
14.8959,172.782
14.9200,172.832
14.9441,172.702
14.9682,172.406
14.9923,172.016
15.0164,171.373
15.0405,170.601
15.0646,170.074
15.0887,169.592
15.1128,169.025
15.1369,168.405
15.1610,168.228
15.1851,168.430
15.2092,168.381
15.2333,168.372
15.2574,168.197
15.2815,168.015
15.3056,168.107
15.3298,168.336
15.3539,168.480
15.3780,168.480
15.4021,168.472
15.4262,168.393
15.4503,168.499
15.4744,168.832
15.4985,169.206
15.5226,169.731
15.5467,170.237
15.5708,170.657
15.5949,171.455
15.6190,172.178
15.6431,172.976
15.6672,173.602
15.6913,174.388
15.7154,175.594
15.7395,176.376
15.7636,177.110
15.7877,177.820
15.8118,178.309
15.8359,178.843
15.8600,179.183
15.8841,179.453
15.9082,180.070
15.9323,180.516
15.9564,180.684
15.9805,180.774
16.0046,181.203
16.0288,181.480
16.0529,181.672
16.0770,181.891
16.1011,182.079
16.1252,182.343
16.1493,182.449
16.1734,182.258
16.1975,182.036
16.2216,181.894
16.2457,181.730
16.2698,181.710
16.2939,181.624
16.3180,181.734
16.3421,181.505
16.3662,181.036
16.3903,180.910
16.4144,180.845
16.4385,180.759
16.4626,180.814
16.4867,180.999
16.5108,181.399
16.5349,182.024
16.5590,182.831
16.5831,183.566
16.6072,184.349
16.6313,184.862
16.6554,185.162
16.6795,185.228
16.7036,185.547
16.7277,185.877
16.7519,185.932
16.7760,185.979
16.8001,186.110
16.8242,186.189
16.8483,186.160
16.8724,186.284
16.8965,186.650
16.9206,187.053
16.9447,187.449
16.9688,187.774
16.9929,188.050
17.0170,188.215
17.0411,188.261
17.0652,188.466
17.0893,188.531
17.1134,188.757
17.1375,188.936
17.1616,189.069
17.1857,189.118
17.2098,189.182
17.2339,189.037
17.2580,188.726
17.2821,188.225
17.3062,187.568
17.3303,186.749
17.3544,185.830
17.3785,185.235
17.4026,185.170
17.4267,185.302
17.4508,185.517
17.4750,185.779
17.4991,185.941
17.5232,186.143
17.5473,186.553
17.5714,186.803
17.5955,187.785
17.6196,189.178
17.6437,190.491
17.6678,191.181
17.6919,191.794
17.7160,192.510
17.7401,192.634
17.7642,193.043
17.7883,193.362
17.8124,193.581
17.8365,193.780
17.8606,194.009
17.8847,194.550
17.9088,195.001
17.9329,195.489
17.9570,195.884
17.9811,195.996
18.0052,195.897
18.0293,195.728
18.0534,195.727
18.0775,195.862
18.1016,196.105
18.1257,196.470
18.1498,196.846
18.1740,197.140
18.1981,197.175
18.2222,197.054
18.2463,196.938
18.2704,196.908
18.2945,197.035
18.3186,197.024
18.3427,196.849
18.3668,196.755
18.3909,196.338
18.4150,195.773
18.4391,195.531
18.4632,195.432
18.4873,195.118
18.5114,195.071
18.5355,194.869
18.5596,194.531
18.5837,194.393
18.6078,194.115
18.6319,193.927
18.6560,194.097
18.6801,194.636
18.7042,195.281
18.7283,195.608
18.7524,195.924
18.7765,196.251
18.8006,196.426
18.8247,196.843
18.8488,197.052
18.8729,197.242
18.8971,197.260
18.9212,197.291
18.9453,197.417
18.9694,197.905
18.9935,198.216
19.0176,198.339
19.0417,198.179
19.0658,198.076
19.0899,198.073
19.1140,198.052
19.1381,198.016
19.1622,197.887
19.1863,197.533
19.2104,197.516
19.2345,197.503
19.2586,197.612
19.2827,197.676
19.3068,197.886
19.3309,197.785
19.3550,197.579
19.3791,197.343
19.4032,197.534
19.4273,197.874
19.4514,198.375
19.4755,198.954
19.4996,199.552
19.5237,199.783
19.5478,199.556
19.5719,199.153
19.5961,198.813
19.6202,198.785
19.6443,199.094
19.6684,199.296
19.6925,199.352
19.7166,199.401
19.7407,199.742
19.7648,200.261
19.7889,200.831
19.8130,201.403
19.8371,201.997
19.8612,202.192
19.8853,202.152
19.9094,202.331
19.9335,202.407
19.9576,202.654
19.9817,202.811
20.0058,202.836
20.0299,203.027
20.0540,203.273
20.0781,203.486
20.1022,204.051
20.1263,204.704
20.1504,205.689
20.1745,206.378
20.1986,206.814
20.2227,206.684
20.2468,205.930
20.2709,205.505
20.2950,204.815
20.3192,203.967
20.3433,203.481
20.3674,203.570
20.3915,203.779
20.4156,203.639
20.4397,203.526
20.4638,203.394
20.4879,203.551
20.5120,204.064
20.5361,204.651
20.5602,205.098
20.5843,204.984
20.6084,204.923
20.6325,205.251
20.6566,205.552
20.6807,206.533
20.7048,207.169
20.7289,207.209
20.7530,207.921
20.7771,207.009
20.8012,206.300
20.8253,205.922
20.8494,206.195
20.8735,206.914
20.8976,207.486
20.9217,208.097
20.9458,208.138
20.9699,208.651
20.9940,209.551
21.0182,210.137
21.0423,210.198
21.0664,209.370
21.0905,208.188
21.1146,207.626
21.1387,207.637
21.1628,208.152
21.1869,208.775
21.2110,209.021
21.2351,209.201
21.2592,208.953
21.2833,208.907
21.3074,208.795
21.3315,208.705
21.3556,208.951
21.3797,208.770
21.4038,208.294
21.4279,207.788
21.4520,208.008
21.4761,208.055
21.5002,208.165
21.5243,208.397
21.5484,208.776
21.5725,209.562
21.5966,209.874
21.6207,210.769
21.6448,211.262
21.6689,211.592
21.6930,211.780
21.7171,212.423
21.7413,212.870
21.7654,213.419
21.7895,213.809
21.8136,214.247
21.8377,214.968
21.8618,215.750
21.8859,216.693
21.9100,217.243
21.9341,217.546
21.9582,217.411
21.9823,216.968
22.0064,216.665
22.0305,216.336
22.0546,216.013
22.0787,215.908
22.1028,216.106
22.1269,216.107
22.1510,216.486
22.1751,217.021
22.1992,217.991
22.2233,218.217
22.2474,217.985
22.2715,217.499
22.2956,217.000
22.3197,217.632
22.3438,219.235
22.3679,220.166
22.3920,219.898
22.4161,218.747
22.4403,217.445
22.4644,216.367
22.4885,216.554
22.5126,216.570
22.5367,216.806
22.5608,216.945
22.5849,217.273
22.6090,217.963
22.6331,218.736
22.6572,219.684
22.6813,220.624
22.7054,221.376
22.7295,222.282
22.7536,223.527
22.7777,225.011
22.8018,226.539
22.8259,227.067
22.8500,227.361
22.8741,227.150
22.8982,226.323
22.9223,225.551
22.9464,225.379
22.9705,225.356
22.9946,225.274
23.0187,224.993
23.0428,224.934
23.0669,225.272
23.0910,225.321
23.1151,225.514
23.1392,225.724
23.1634,225.829
23.1875,225.987
23.2116,226.114
23.2357,226.086
23.2598,226.087
23.2839,226.511
23.3080,227.246
23.3321,227.706
23.3562,227.440
23.3803,227.603
23.4044,228.595
23.4285,229.775
23.4526,230.931
23.4767,231.124
23.5008,230.492
23.5249,229.925
23.5490,228.902
23.5731,228.404
23.5972,228.093
23.6213,227.425
23.6454,227.364
23.6695,227.493
23.6936,228.055
23.7177,228.627
23.7418,229.534
23.7659,230.328
23.7900,230.456
23.8141,230.933
23.8382,231.513
23.8624,231.526
23.8865,231.692
23.9106,231.854
23.9347,231.876
23.9588,231.863
23.9829,232.392
24.0070,233.182
24.0311,234.209
24.0552,235.210
24.0793,236.093
24.1034,236.758
24.1275,236.985
24.1516,236.018
24.1757,235.495
24.1998,234.784
24.2239,234.466
24.2480,233.940
24.2721,233.425
24.2962,232.817
24.3203,232.720
24.3444,232.583
24.3685,232.581
24.3926,232.584
24.4167,232.995
24.4408,233.557
24.4649,234.318
24.4890,234.949
24.5131,235.638
24.5372,236.498
24.5613,237.538
24.5855,238.387
24.6096,239.034
24.6337,239.392
24.6578,239.938
24.6819,240.873
24.7060,241.775
24.7301,242.008
24.7542,241.649
24.7783,241.192
24.8024,240.749
24.8265,240.113
24.8506,239.507
24.8747,239.387
24.8988,239.546
24.9229,240.194
24.9470,241.051
24.9711,241.805
24.9952,242.172
25.0193,241.931
25.0434,241.827
25.0675,242.094
25.0916,242.539
25.1157,242.987
25.1398,244.058
25.1639,245.185
25.1880,246.067
25.2121,246.325
25.2362,246.216
25.2603,245.883
25.2845,244.784
25.3086,243.010
25.3327,241.384
25.3568,239.830
25.3809,238.455
25.4050,237.585
25.4291,237.489
25.4532,238.132
25.4773,239.512
25.5014,240.862
25.5255,241.584
25.5496,241.877
25.5737,241.585
25.5978,241.119
25.6219,241.359
25.6460,241.902
25.6701,242.568
25.6942,243.417
25.7183,244.169
25.7424,244.761
25.7665,245.647
25.7906,246.551
25.8147,246.779
25.8388,246.433
25.8629,245.819
25.8870,245.641
25.9111,245.394
25.9352,244.069
25.9593,243.198
25.9834,243.291
26.0076,243.904
26.0317,244.400
26.0558,245.206
26.0799,245.243
26.1040,244.592
26.1281,243.945
26.1522,242.641
26.1763,240.909
26.2004,240.314
26.2245,241.604
26.2486,243.571
26.2727,243.675
26.2968,242.451
26.3209,241.658
26.3450,241.279
26.3691,240.938
26.3932,240.555
26.4173,239.793
26.4414,239.370
26.4655,238.846
26.4896,238.796
26.5137,239.068
26.5378,239.428
26.5619,239.665
26.5860,240.049
26.6101,239.530
26.6342,239.787
26.6583,240.700
26.6824,241.380
26.7066,241.805
26.7307,241.574
26.7548,240.000
26.7789,239.700
26.8030,240.109
26.8271,240.216
26.8512,241.814
26.8753,243.219
26.8994,242.268
26.9235,239.901
26.9476,239.528
26.9717,240.013
26.9958,240.251
27.0199,240.669
27.0440,241.310
27.0681,241.489
27.0922,242.303
27.1163,242.205
27.1404,241.138
27.1645,241.404
27.1886,241.558
27.2127,241.125
27.2368,240.554
27.2609,241.335
27.2850,241.348
27.3091,240.680
27.3332,239.815
27.3573,239.174
27.3814,239.730
27.4055,239.854
27.4297,238.512
27.4538,237.314
27.4779,236.837
27.5020,237.995
27.5261,238.851
27.5502,239.545
27.5743,239.822
27.5984,240.041
27.6225,242.667
27.6466,245.589
27.6707,245.635
27.6948,245.555
27.7189,247.584
27.7430,247.253
27.7671,246.755
27.7912,247.426
27.8153,248.593
27.8394,248.892
27.8635,249.028
27.8876,248.643
27.9117,248.247
27.9358,249.493
27.9599,251.393
27.9840,252.968
28.0081,253.381
28.0322,253.149
28.0563,253.499
28.0804,254.144
28.1045,254.488
28.1286,254.626
28.1528,254.760
28.1769,254.754
28.2010,254.772
28.2251,254.824
28.2492,254.861
28.2733,254.937
28.2974,254.982
28.3215,254.998
28.3456,254.966
28.3697,254.918
28.3938,254.921
28.4179,254.924
28.4420,254.935
28.4661,254.985
28.4902,254.998
28.5143,255.000
28.5384,255.000
28.5625,255.000
28.5866,255.000
28.6107,255.000
28.6348,255.000
28.6589,255.000
28.6830,255.000
28.7071,255.000
28.7312,255.000
28.7553,255.000
28.7794,255.000
28.8035,255.000
28.8276,255.000
28.8518,255.000
28.8759,255.000
28.9000,255.000
28.9241,255.000
28.9482,255.000
28.9723,255.000
28.9964,255.000
29.0205,255.000
29.0446,255.000
29.0687,255.000
29.0928,255.000
29.1169,255.000
29.1410,255.000
29.1651,255.000
29.1892,255.000
29.2133,254.988
29.2374,254.857
29.2615,254.917
29.2856,254.893
29.3097,254.902
29.3338,254.880
29.3579,254.806
29.3820,254.850
29.4061,254.870
29.4302,254.894
29.4543,254.945
29.4784,254.947
29.5025,254.944
29.5266,254.987
29.5507,254.998
29.5749,255.000
29.5990,255.000
29.6231,254.998
29.6472,254.961
29.6713,254.959
29.6954,254.959
29.7195,254.959
29.7436,254.959
29.7677,254.959
29.7918,254.959
29.8159,254.964
29.8400,255.000
29.8641,255.000
29.8882,255.000
29.9123,255.000
29.9364,255.000
29.9605,255.000
29.9846,254.972
30.0087,254.920
30.0328,254.791
30.0569,254.869
30.0810,254.836
30.1051,254.650
30.1292,254.565
30.1533,254.369
30.1774,254.045
30.2015,253.163
30.2256,251.997
30.2497,252.442
30.2739,253.177
30.2980,253.570
30.3221,254.035
30.3462,254.320
30.3703,254.445
30.3944,254.479
30.4185,254.228
30.4426,253.847
30.4667,253.550
30.4908,253.497
30.5149,253.101
30.5390,251.754
30.5631,248.913
30.5872,248.568
30.6113,249.292
30.6354,249.315
30.6595,248.524
30.6836,245.993
30.7077,245.359
30.7318,245.932
30.7559,245.975
30.7800,245.282
30.8041,244.421
30.8282,243.522
30.8523,241.686
30.8764,240.338
30.9005,240.757
30.9246,241.406
30.9487,241.187
30.9728,239.903
30.9970,239.357
31.0211,240.428
31.0452,240.759
31.0693,239.555
31.0934,237.298
31.1175,236.184
31.1416,237.375
31.1657,238.312
31.1898,238.072
31.2139,237.740
31.2380,238.017
31.2621,239.623
31.2862,240.187
31.3103,241.315
31.3344,241.184
31.3585,240.305
31.3826,239.440
31.4067,240.420
31.4308,241.776
31.4549,242.177
31.4790,242.232
31.5031,241.922
31.5272,241.913
31.5513,240.419
31.5754,238.155
31.5995,235.977
31.6236,235.535
31.6477,236.068
31.6718,238.695
31.6959,242.356
31.7201,244.341
31.7442,243.519
31.7683,240.788
31.7924,238.439
31.8165,237.674
31.8406,236.713
31.8647,237.258
31.8888,240.490
31.9129,242.822
31.9370,242.923
31.9611,242.538
31.9852,241.607
32.0093,239.599
32.0334,237.658
32.0575,237.389
32.0816,236.600
32.1057,236.697
32.1298,238.061
32.1539,240.538
32.1780,242.434
32.2021,242.824
32.2262,242.716
32.2503,241.751
32.2744,240.680
32.2985,239.821
32.3226,239.113
32.3467,239.051
32.3708,239.522
32.3949,240.695
32.4191,242.274
32.4432,243.915
32.4673,245.234
32.4914,244.756
32.5155,242.747
32.5396,240.678
32.5637,239.291
32.5878,238.346
32.6119,238.820
32.6360,238.995
32.6601,239.651
32.6842,240.362
32.7083,240.347
32.7324,239.838
32.7565,239.217
32.7806,238.793
32.8047,238.826
32.8288,239.780
32.8529,240.471
32.8770,240.160
32.9011,238.524
32.9252,238.718
32.9493,239.099
32.9734,239.194
32.9975,239.470
33.0216,239.247
33.0457,239.559
33.0698,240.312
33.0939,240.423
33.1180,240.175
33.1422,240.321
33.1663,240.644
33.1904,240.621
33.2145,240.685
33.2386,239.680
33.2627,239.730
33.2868,239.918
33.3109,240.398
33.3350,241.053
33.3591,240.641
33.3832,240.288
33.4073,239.681
33.4314,240.408
33.4555,240.729
33.4796,240.592
33.5037,240.511
33.5278,240.279
33.5519,239.840
33.5760,239.068
33.6001,237.886
33.6242,236.342
33.6483,234.792
33.6724,234.644
33.6965,236.057
33.7206,238.027
33.7447,239.403
33.7688,239.723
33.7929,239.022
33.8170,238.585
33.8412,237.431
33.8653,236.226
33.8894,234.798
33.9135,234.247
33.9376,233.983
33.9617,234.729
33.9858,236.045
34.0099,235.631
34.0340,235.059
34.0581,234.513
34.0822,234.104
34.1063,234.296
34.1304,234.714
34.1545,234.867
34.1786,235.448
34.2027,236.264
34.2268,236.798
34.2509,236.598
34.2750,236.165
34.2991,235.487
34.3232,234.798
34.3473,234.393
34.3714,232.600
34.3955,230.670
34.4196,230.593
34.4437,230.795
34.4678,231.183
34.4919,231.634
34.5160,231.275
34.5401,231.201
34.5643,230.962
34.5884,230.423
34.6125,229.147
34.6366,227.882
34.6607,228.783
34.6848,229.164
34.7089,228.720
34.7330,228.263
34.7571,227.453
34.7812,227.572
34.8053,228.427
34.8294,228.728
34.8535,228.532
34.8776,228.783
34.9017,229.499
34.9258,230.166
34.9499,230.338
34.9740,229.946
34.9981,228.925
35.0222,228.359
35.0463,228.185
35.0704,228.255
35.0945,229.507
35.1186,229.910
35.1427,229.376
35.1668,227.817
35.1909,227.747
35.2150,227.804
35.2391,227.939
35.2633,228.742
35.2874,230.183
35.3115,230.719
35.3356,229.317
35.3597,227.415
35.3838,225.310
35.4079,223.065
35.4320,223.121
35.4561,223.543
35.4802,223.510
35.5043,222.684
35.5284,221.893
35.5525,220.763
35.5766,220.178
35.6007,220.198
35.6248,219.900
35.6489,219.344
35.6730,218.856
35.6971,218.642
35.7212,219.246
35.7453,219.975
35.7694,220.471
35.7935,220.489
35.8176,219.715
35.8417,219.031
35.8658,218.688
35.8899,218.118
35.9140,217.795
35.9381,217.609
35.9622,218.061
35.9864,218.802
36.0105,220.217
36.0346,221.398
36.0587,222.554
36.0828,222.563
36.1069,222.326
36.1310,222.519
36.1551,222.288
36.1792,221.826
36.2033,220.535
36.2274,218.223
36.2515,217.042
36.2756,215.923
36.2997,215.449
36.3238,215.608
36.3479,214.716
36.3720,213.570
36.3961,212.416
36.4202,212.164
36.4443,212.602
36.4684,213.884
36.4925,214.170
36.5166,214.374
36.5407,214.061
36.5648,213.625
36.5889,213.630
36.6130,214.429
36.6371,214.931
36.6612,214.639
36.6854,213.533
36.7095,212.036
36.7336,212.098
36.7577,212.373
36.7818,212.316
36.8059,212.992
36.8300,213.288
36.8541,212.519
36.8782,212.558
36.9023,212.835
36.9264,213.008
36.9505,212.855
36.9746,212.412
36.9987,211.703
37.0228,211.609
37.0469,211.306
37.0710,210.660
37.0951,209.071
37.1192,207.574
37.1433,208.159
37.1674,208.179
37.1915,208.405
37.2156,208.510
37.2397,207.959
37.2638,207.521
37.2879,207.307
37.3120,207.833
37.3361,208.059
37.3602,207.985
37.3843,207.819
37.4085,207.504
37.4326,208.012
37.4567,208.717
37.4808,209.568
37.5049,210.428
37.5290,211.097
37.5531,210.711
37.5772,211.229
37.6013,212.511
37.6254,213.651
37.6495,214.353
37.6736,213.042
37.6977,211.343
37.7218,209.979
37.7459,208.913
37.7700,207.680
37.7941,206.428
37.8182,205.495
37.8423,205.571
37.8664,206.072
37.8905,206.173
37.9146,205.696
37.9387,204.424
37.9628,202.551
37.9869,201.268
38.0110,200.300
38.0351,199.514
38.0592,198.772
38.0833,198.342
38.1074,197.940
38.1316,197.335
38.1557,197.228
38.1798,197.168
38.2039,196.920
38.2280,196.725
38.2521,196.864
38.2762,196.994
38.3003,197.940
38.3244,199.173
38.3485,199.928
38.3726,199.725
38.3967,198.780
38.4208,198.196
38.4449,198.487
38.4690,198.720
38.4931,198.612
38.5172,198.681
38.5413,199.147
38.5654,198.490
38.5895,197.980
38.6136,197.502
38.6377,197.500
38.6618,197.347
38.6859,197.117
38.7100,196.899
38.7341,196.223
38.7582,195.586
38.7823,194.649
38.8064,193.604
38.8306,192.806
38.8547,192.137
38.8788,191.849
38.9029,191.852
38.9270,191.613
38.9511,191.468
38.9752,191.490
38.9993,191.397
39.0234,191.345
39.0475,191.686
39.0716,191.503
39.0957,191.290
39.1198,191.368
39.1439,191.431
39.1680,191.813
39.1921,192.180
39.2162,192.354
39.2403,192.340
39.2644,192.839
39.2885,193.342
39.3126,193.601
39.3367,193.599
39.3608,193.565
39.3849,193.496
39.4090,193.574
39.4331,194.081
39.4572,194.512
39.4813,194.187
39.5054,194.109
39.5295,193.634
39.5537,193.301
39.5778,193.061
39.6019,192.783
39.6260,192.447
39.6501,192.030
39.6742,191.180
39.6983,190.489
39.7224,189.641
39.7465,189.132
39.7706,188.986
39.7947,188.963
39.8188,189.106
39.8429,189.050
39.8670,189.151
39.8911,189.327
39.9152,189.324
39.9393,189.498
39.9634,189.729
39.9875,190.116
40.0116,190.688
40.0357,190.999
40.0598,190.660
40.0839,190.257
40.1080,189.279
40.1321,188.315
40.1562,187.794
40.1803,188.048
40.2044,188.699
40.2285,189.479
40.2527,190.049
40.2768,190.119
40.3009,189.995
40.3250,189.473
40.3491,189.021
40.3732,188.702
40.3973,188.275
40.4214,187.622
40.4455,187.292
40.4696,187.057
40.4937,187.097
40.5178,187.128
40.5419,187.102
40.5660,186.881
40.5901,186.623
40.6142,186.244
40.6383,186.045
40.6624,185.974
40.6865,186.058
40.7106,186.269
40.7347,186.353
40.7588,186.536
40.7829,186.570
40.8070,186.702
40.8311,186.569
40.8552,186.461
40.8793,186.314
40.9034,186.716
40.9275,187.157
40.9516,187.603
40.9758,187.883
40.9999,188.201
41.0240,188.690
41.0481,188.888
41.0722,189.040
41.0963,189.159
41.1204,189.123
41.1445,189.085
41.1686,188.711
41.1927,188.874
41.2168,189.211
41.2409,188.692
41.2650,188.050
41.2891,187.366
41.3132,186.499
41.3373,185.663
41.3614,185.191
41.3855,184.461
41.4096,183.431
41.4337,182.454
41.4578,181.643
41.4819,180.753
41.5060,179.924
41.5301,178.731
41.5542,177.868
41.5783,177.563
41.6024,177.028
41.6265,176.703
41.6506,176.365
41.6748,176.004
41.6989,175.591
41.7230,174.865
41.7471,174.644
41.7712,174.409
41.7953,174.158
41.8194,173.981
41.8435,173.649
41.8676,173.600
41.8917,173.866
41.9158,173.730
41.9399,173.319
41.9640,173.320
41.9881,173.357
42.0122,172.715
42.0363,172.020
42.0604,170.855
42.0845,169.757
42.1086,168.335
42.1327,166.865
42.1568,165.933
42.1809,164.881
42.2050,164.000
42.2291,162.480
42.2532,161.112
42.2773,159.883
42.3014,158.490
42.3255,157.756
42.3496,157.541
42.3737,157.311
42.3979,156.829
42.4220,156.560
42.4461,156.459
42.4702,156.496
42.4943,156.605
42.5184,156.646
42.5425,156.507
42.5666,156.317
42.5907,156.361
42.6148,156.888
42.6389,157.293
42.6630,157.538
42.6871,157.761
42.7112,157.903
42.7353,158.257
42.7594,158.418
42.7835,158.337
42.8076,158.038
42.8317,157.615
42.8558,157.378
42.8799,157.500
42.9040,157.419
42.9281,157.228
42.9522,156.840
42.9763,156.373
43.0004,156.083
43.0245,155.587
43.0486,155.395
43.0727,155.144
43.0969,154.870
43.1210,154.713
43.1451,154.585
43.1692,154.418
43.1933,154.132
43.2174,153.627
43.2415,153.242
43.2656,152.975
43.2897,152.969
43.3138,153.266
43.3379,153.615
43.3620,153.831
43.3861,153.989
43.4102,154.201
43.4343,154.345
43.4584,154.293
43.4825,154.271
43.5066,154.009
43.5307,153.724
43.5548,153.525
43.5789,153.578
43.6030,153.568
43.6271,153.234
43.6512,152.810
43.6753,152.359
43.6994,152.015
43.7235,151.449
43.7476,150.518
43.7717,149.528
43.7958,148.837
43.8200,148.404
43.8441,147.907
43.8682,147.699
43.8923,147.278
43.9164,146.359
43.9405,145.416
43.9646,144.825
43.9887,144.832
44.0128,145.106
44.0369,145.597
44.0610,146.035
44.0851,146.363
44.1092,146.084
44.1333,145.495
44.1574,144.823
44.1815,144.271
44.2056,143.585
44.2297,143.011
44.2538,142.627
44.2779,142.334
44.3020,142.081
44.3261,141.836
44.3502,141.731
44.3743,141.807
44.3984,141.749
44.4225,141.489
44.4466,141.060
44.4707,140.839
44.4948,140.512
44.5190,140.146
44.5431,139.921
44.5672,139.541
44.5913,139.348
44.6154,138.976
44.6395,138.731
44.6636,138.302
44.6877,138.167
44.7118,138.439
44.7359,139.071
44.7600,139.396
44.7841,139.292
44.8082,139.363
44.8323,139.174
44.8564,139.143
44.8805,139.286
44.9046,139.324
44.9287,139.536
44.9528,139.693
44.9769,139.569
45.0010,139.036
45.0251,138.565
45.0492,138.082
45.0733,137.835
45.0974,137.502
45.1215,137.361
45.1456,137.269
45.1697,136.860
45.1938,136.089
45.2179,135.931
45.2421,136.151
45.2662,135.937
45.2903,134.836
45.3144,133.958
45.3385,133.536
45.3626,133.201
45.3867,132.955
45.4108,132.669
45.4349,132.500
45.4590,131.966
45.4831,131.223
45.5072,130.174
45.5313,129.392
45.5554,128.937
45.5795,128.522
45.6036,128.220
45.6277,127.828
45.6518,127.368
45.6759,127.349
45.7000,127.527
45.7241,127.217
45.7482,127.003
45.7723,126.703
45.7964,126.639
45.8205,126.650
45.8446,126.915
45.8687,127.425
45.8928,127.607
45.9169,127.252
45.9411,127.054
45.9652,127.239
45.9893,127.187
46.0134,126.920
46.0375,126.480
46.0616,126.135
46.0857,125.667
46.1098,125.115
46.1339,124.808
46.1580,124.401
46.1821,123.868
46.2062,123.224
46.2303,122.679
46.2544,122.215
46.2785,122.183
46.3026,122.100
46.3267,121.974
46.3508,121.256
46.3749,120.283
46.3990,119.466
46.4231,119.217
46.4472,119.273
46.4713,119.531
46.4954,119.675
46.5195,119.588
46.5436,119.162
46.5677,118.418
46.5918,117.764
46.6159,117.004
46.6400,116.742
46.6642,116.975
46.6883,117.075
46.7124,116.996
46.7365,116.812
46.7606,116.618
46.7847,116.307
46.8088,116.139
46.8329,116.467
46.8570,116.447
46.8811,115.806
46.9052,115.294
46.9293,114.797
46.9534,114.449
46.9775,114.243
47.0016,114.064
47.0257,113.765
47.0498,113.447
47.0739,113.186
47.0980,112.697
47.1221,112.645
47.1462,112.631
47.1703,112.669
47.1944,112.906
47.2185,112.414
47.2426,112.256
47.2667,112.302
47.2908,112.551
47.3149,112.535
47.3390,111.964
47.3632,111.478
47.3873,110.669
47.4114,110.200
47.4355,110.116
47.4596,110.315
47.4837,110.490
47.5078,110.542
47.5319,110.339
47.5560,110.235
47.5801,110.077
47.6042,109.884
47.6283,109.936
47.6524,110.093
47.6765,110.246
47.7006,110.108
47.7247,109.888
47.7488,109.821
47.7729,109.898
47.7970,109.599
47.8211,109.381
47.8452,109.092
47.8693,109.049
47.8934,108.904
47.9175,109.236
47.9416,109.316
47.9657,109.224
47.9898,108.850
48.0139,108.426
48.0380,108.351
48.0621,108.774
48.0863,109.196
48.1104,109.056
48.1345,108.617
48.1586,107.857
48.1827,106.784
48.2068,106.232
48.2309,106.151
48.2550,106.317
48.2791,106.596
48.3032,106.498
48.3273,105.997
48.3514,105.735
48.3755,105.789
48.3996,105.942
48.4237,106.136
48.4478,106.296
48.4719,106.417
48.4960,106.176
48.5201,105.942
48.5442,105.926
48.5683,105.576
48.5924,104.863
48.6165,104.979
48.6406,105.394
48.6647,105.366
48.6888,104.852
48.7129,104.610
48.7370,104.421
48.7611,104.091
48.7852,103.723
48.8094,103.483
48.8335,103.107
48.8576,102.980
48.8817,102.915
48.9058,102.766
48.9299,102.283
48.9540,102.114
48.9781,102.127
49.0022,102.071
49.0263,101.818
49.0504,101.803
49.0745,101.923
49.0986,101.762
49.1227,101.738
49.1468,101.964
49.1709,101.967
49.1950,101.555
49.2191,101.144
49.2432,100.540
49.2673,99.822
49.2914,99.351
49.3155,99.243
49.3396,99.289
49.3637,99.344
49.3878,99.176
49.4119,98.714
49.4360,98.360
49.4601,98.358
49.4842,98.661
49.5084,98.885
49.5325,98.839
49.5566,98.494
49.5807,98.359
49.6048,98.293
49.6289,98.315
49.6530,98.191
49.6771,98.495
49.7012,98.819
49.7253,98.644
49.7494,98.217
49.7735,98.369
49.7976,98.749
49.8217,98.506
49.8458,98.063
49.8699,97.693
49.8940,97.531
49.9181,97.422
49.9422,97.639
49.9663,97.776
49.9904,97.895
50.0145,97.121
50.0386,96.394
50.0627,95.627
50.0868,95.126
50.1109,95.236
50.1350,95.444
50.1591,95.277
50.1832,94.834
50.2073,93.925
50.2315,92.913
50.2556,92.082
50.2797,92.042
50.3038,92.584
50.3279,92.426
50.3520,92.315
50.3761,92.395
50.4002,92.077
50.4243,91.714
50.4484,91.270
50.4725,90.750
50.4966,90.619
50.5207,90.615
50.5448,90.799
50.5689,90.862
50.5930,90.616
50.6171,90.456
50.6412,90.477
50.6653,90.684
50.6894,90.706
50.7135,90.794
50.7376,90.766
50.7617,90.442
50.7858,89.920
50.8099,89.480
50.8340,89.337
50.8581,88.975
50.8822,89.081
50.9063,89.333
50.9305,89.001
50.9546,88.437
50.9787,88.470
51.0028,88.333
51.0269,87.960
51.0510,87.917
51.0751,88.025
51.0992,88.139
51.1233,87.866
51.1474,87.877
51.1715,87.967
51.1956,87.952
51.2197,87.756
51.2438,87.766
51.2679,87.781
51.2920,87.883
51.3161,88.065
51.3402,87.930
51.3643,87.494
51.3884,87.295
51.4125,87.541
51.4366,87.939
51.4607,88.125
51.4848,88.106
51.5089,87.794
51.5330,87.336
51.5571,87.178
51.5812,87.260
51.6053,87.005
51.6294,87.050
51.6536,87.201
51.6777,87.203
51.7018,87.009
51.7259,86.802
51.7500,86.746
51.7741,86.710
51.7982,86.536
51.8223,86.337
51.8464,86.170
51.8705,86.264
51.8946,86.672
51.9187,86.716
51.9428,86.753
51.9669,86.563
51.9910,86.367
52.0151,86.444
52.0392,86.490
52.0633,86.397
52.0874,85.786
52.1115,85.416
52.1356,85.092
52.1597,84.498
52.1838,84.112
52.2079,84.158
52.2320,83.858
52.2561,83.423
52.2802,83.256
52.3043,83.374
52.3284,83.436
52.3526,83.268
52.3767,82.854
52.4008,82.358
52.4249,81.951
52.4490,82.169
52.4731,82.605
52.4972,82.044
52.5213,81.577
52.5454,81.141
52.5695,80.463
52.5936,80.025
52.6177,80.081
52.6418,80.086
52.6659,80.291
52.6900,80.355
52.7141,80.250
52.7382,80.057
52.7623,79.549
52.7864,79.171
52.8105,79.144
52.8346,79.141
52.8587,79.048
52.8828,78.855
52.9069,78.665
52.9310,78.365
52.9551,78.084
52.9792,77.963
53.0033,77.523
53.0274,77.044
53.0515,76.612
53.0757,76.435
53.0998,76.159
53.1239,75.564
53.1480,75.284
53.1721,75.041
53.1962,75.301
53.2203,76.001
53.2444,76.118
53.2685,75.678
53.2926,75.402
53.3167,75.411
53.3408,75.241
53.3649,75.688
53.3890,75.809
53.4131,75.325
53.4372,75.037
53.4613,74.551
53.4854,73.885
53.5095,73.874
53.5336,73.830
53.5577,73.576
53.5818,73.225
53.6059,73.080
53.6300,73.388
53.6541,73.688
53.6782,73.871
53.7023,73.698
53.7264,73.539
53.7505,73.283
53.7747,72.787
53.7988,72.495
53.8229,72.339
53.8470,72.233
53.8711,71.801
53.8952,71.352
53.9193,71.116
53.9434,71.087
53.9675,70.730
53.9916,70.623
54.0157,71.003
54.0398,70.781
54.0639,70.249
54.0880,70.050
54.1121,69.618
54.1362,68.877
54.1603,68.335
54.1844,68.264
54.2085,68.270
54.2326,68.225
54.2567,68.242
54.2808,67.976
54.3049,67.633
54.3290,67.500
54.3531,67.664
54.3772,67.487
54.4013,66.996
54.4254,66.935
54.4495,66.751
54.4736,66.320
54.4978,66.278
54.5219,66.649
54.5460,66.783
54.5701,66.744
54.5942,66.518
54.6183,66.496
54.6424,66.393
54.6665,66.152
54.6906,66.108
54.7147,66.151
54.7388,66.282
54.7629,66.141
54.7870,66.024
54.8111,65.996
54.8352,66.067
54.8593,66.106
54.8834,66.291
54.9075,66.429
54.9316,66.329
54.9557,66.187
54.9798,65.966
55.0039,65.871
55.0280,65.858
55.0521,66.181
55.0762,66.378
55.1003,66.639
55.1244,66.698
55.1485,66.362
55.1726,65.661
55.1968,65.323
55.2209,65.235
55.2450,65.225
55.2691,65.070
55.2932,64.948
55.3173,64.665
55.3414,64.621
55.3655,64.501
55.3896,64.519
55.4137,64.672
55.4378,64.744
55.4619,64.368
55.4860,63.671
55.5101,62.808
55.5342,62.116
55.5583,61.958
55.5824,61.839
55.6065,61.979
55.6306,62.184
55.6547,62.207
55.6788,62.133
55.7029,62.539
55.7270,62.947
55.7511,63.070
55.7752,63.061
55.7993,62.607
55.8234,62.654
55.8475,62.314
55.8716,61.853
55.8957,61.676
55.9199,61.849
55.9440,62.253
55.9681,62.098
55.9922,61.630
56.0163,61.269
56.0404,60.906
56.0645,60.592
56.0886,60.687
56.1127,61.100
56.1368,60.922
56.1609,60.400
56.1850,59.926
56.2091,59.836
56.2332,60.313
56.2573,60.656
56.2814,60.156
56.3055,59.721
56.3296,59.828
56.3537,59.551
56.3778,59.178
56.4019,59.123
56.4260,59.330
56.4501,59.177
56.4742,59.039
56.4983,58.823
56.5224,58.318
56.5465,57.961
56.5706,58.044
56.5947,58.105
56.6189,57.922
56.6430,57.864
56.6671,57.882
56.6912,57.819
56.7153,57.805
56.7394,57.693
56.7635,57.606
56.7876,57.725
56.8117,57.797
56.8358,57.683
56.8599,57.435
56.8840,57.307
56.9081,57.204
56.9322,57.304
56.9563,57.356
56.9804,57.596
57.0045,57.314
57.0286,56.793
57.0527,56.347
57.0768,56.141
57.1009,56.148
57.1250,56.190
57.1491,56.117
57.1732,56.038
57.1973,56.132
57.2214,56.199
57.2455,56.133
57.2696,56.129
57.2937,56.186
57.3178,56.319
57.3419,56.179
57.3661,55.818
57.3902,55.462
57.4143,55.349
57.4384,55.600
57.4625,55.638
57.4866,55.621
57.5107,55.221
57.5348,54.985
57.5589,54.964
57.5830,54.866
57.6071,55.016
57.6312,55.185
57.6553,55.193
57.6794,55.019
57.7035,54.703
57.7276,54.232
57.7517,54.340
57.7758,54.497
57.7999,54.707
57.8240,54.942
57.8481,54.817
57.8722,54.586
57.8963,54.309
57.9204,54.457
57.9445,54.552
57.9686,54.659
57.9927,54.653
58.0168,54.792
58.0410,54.932
58.0651,55.002
58.0892,54.923
58.1133,54.508
58.1374,54.442
58.1615,54.590
58.1856,54.391
58.2097,54.129
58.2338,54.079
58.2579,53.673
58.2820,53.197
58.3061,52.908
58.3302,52.605
58.3543,52.596
58.3784,52.425
58.4025,52.191
58.4266,51.846
58.4507,51.584
58.4748,51.329
58.4989,51.185
58.5230,51.068
58.5471,51.170
58.5712,51.334
58.5953,51.423
58.6194,51.222
58.6435,51.191
58.6676,51.134
58.6917,51.278
58.7158,51.269
58.7399,51.261
58.7640,51.043
58.7882,50.980
58.8123,50.999
58.8364,50.972
58.8605,50.919
58.8846,50.945
58.9087,50.935
58.9328,50.699
58.9569,50.620
58.9810,50.625
59.0051,50.694
59.0292,50.566
59.0533,50.189
59.0774,49.651
59.1015,49.344
59.1256,49.120
59.1497,49.013
59.1738,48.824
59.1979,48.537
59.2220,48.264
